policy,hours,total_cost_eur,electric_shedding_mwh,heat_shedding_mwh_th,renewable_curtailment_mwh,grid_import_mwh,grid_export_mwh,chp_electric_mwh,heat_pump_heat_mwh_th,battery_throughput_mwh,thermal_throughput_mwh_th,mean_abs_electric_residual_mw,mean_abs_heat_residual_mw_th,max_abs_electric_residual_mw,max_abs_heat_residual_mw_th,mean_solve_time_s,action_coverage_score
perfect_information_lp,72,51556.431182708235,0.0,0.0,0.0,194.7466693557186,0.0,257.10220621254405,251.680287852198,35.00792235916935,66.29015837421167,4.194175870806147e-16,6.167905692361981e-16,1.7763568394002505e-15,3.552713678800501e-15,0.0,0.24612107645736447
rolling_mpc,72,51740.23223670573,0.0,2.220446049250313e-14,0.0,194.65002796112174,4.440892098500626e-15,258.4951688711991,254.81359414595715,34.99683087323878,61.00526583180214,3.9474596431116675e-16,0.0,1.7763568394002505e-15,0.0,0.011938620833333339,0.24306730298542106
noisy_rolling_mpc,72,187789.52639729163,0.05380701378811992,16.81247654995643,0.0,210.8776617111002,9.895308305937554,255.1299110223816,261.8133021598038,34.76612363194563,75.93545472597,4.440892098500626e-16,0.0,1.7763568394002505e-15,0.0,0.010096133333333356,0.2468090403393703
rule_based,72,55352.38942277586,0.0,0.0,0.0,108.00443633082071,12.99382917624932,326.5473961582185,171.5440724073926,34.90979008372943,0.0,4.070817756958907e-16,0.0,2.6645352591003757e-15,0.0,0.0,0.10979094738541864
safe_random,72,824703.819761009,0.0,95.35102991813353,0.0,261.72007816994505,7.709822444253162,245.6519815926418,378.5667474331682,110.841493055087,155.6756337680913,5.304398895431303e-16,6.167905692361981e-17,3.552713678800501e-15,1.7763568394002505e-15,0.0,0.2476568781996912
